constructorId,year,name_x,positionText,relation
66,1958,BRM,4,66
105,1958,Maserati,3,105
87,1958,Cooper,1,12
6,1958,Ferrari,2,6
127,1958,OSCA,8,127
118,1958,Vanwall,6,118
125,1958,Connaught,7,125
105,1958,Maserati,3,105
32,1958,Team Lotus,6,32
87,1958,Cooper,1,12
32,1958,Team Lotus,5,32
6,1958,Ferrari,2,6
118,1958,Vanwall,3,118
105,1958,Maserati,5,105
87,1958,Cooper,1,12
95,1958,Porsche,7,95
66,1958,BRM,4,66
66,1958,BRM,4,66
6,1958,Ferrari,2,6
6,1958,Ferrari,1,6
105,1958,Maserati,5,105
6,1958,Ferrari,2,6
32,1958,Team Lotus,6,32
66,1958,BRM,4,66
87,1958,Cooper,3,12
105,1958,Maserati,5,105
118,1958,Vanwall,1,118
6,1958,Ferrari,2,6
118,1958,Vanwall,1,118
32,1958,Team Lotus,6,32
87,1958,Cooper,3,12
105,1958,Maserati,5,105
118,1958,Vanwall,1,118
6,1958,Ferrari,2,6
32,1958,Team Lotus,6,32
66,1958,BRM,4,66
87,1958,Cooper,3,12
66,1958,BRM,4,66
95,1958,Porsche,7,95
32,1958,Team Lotus,6,32
6,1958,Ferrari,1,6
118,1958,Vanwall,2,118
118,1958,Vanwall,3,118
32,1958,Team Lotus,6,32
66,1958,BRM,4,66
66,1958,BRM,4,66
32,1958,Team Lotus,6,32
6,1958,Ferrari,1,6
118,1958,Vanwall,2,118
125,1958,Connaught,8,125
105,1958,Maserati,5,105
87,1958,Cooper,3,12
66,1958,BRM,4,66
32,1958,Team Lotus,6,32
6,1958,Ferrari,1,6
118,1958,Vanwall,2,118
105,1958,Maserati,5,105
87,1958,Cooper,3,12
87,1958,Cooper,2,12
105,1958,Maserati,5,105
105,1958,Maserati,5,105
87,1958,Cooper,3,12
6,1959,Ferrari,2,6
6,1959,Ferrari,2,6
32,1959,Team Lotus,4,32
66,1959,BRM,3,66
167,1959,Cooper-Maserati,6,12
170,1959,Cooper-Climax,1,12
117,1959,Aston Martin,5,10
6,1959,Ferrari,3,6
170,1959,Cooper-Climax,1,12
167,1959,Cooper-Maserati,6,12
167,1959,Cooper-Maserati,5,12
32,1959,Team Lotus,4,32
6,1959,Ferrari,2,6
32,1959,Team Lotus,4,32
105,1959,Maserati,7,105
117,1959,Aston Martin,5,10
170,1959,Cooper-Climax,1,12
167,1959,Cooper-Maserati,6,12
66,1959,BRM,3,66
32,1959,Team Lotus,4,32
6,1959,Ferrari,2,6
113,1959,Kurtis Kraft,7,113
168,1959,Cooper-OSCA,11,12
124,1959,Tec-Mec,12,124
169,1959,Cooper-Borgward,10,12
125,1959,Connaught,13,125
105,1959,Maserati,9,105
95,1959,Porsche,8,95
170,1959,Cooper-Climax,1,12
32,1959,Team Lotus,4,32
66,1959,BRM,2,66
105,1959,Maserati,6,105
95,1959,Porsche,6,95
66,1959,BRM,3,66
32,1959,Team Lotus,4,32
6,1959,Ferrari,2,6
170,1959,Cooper-Climax,1,12
167,1959,Cooper-Maserati,5,12
32,1959,Team Lotus,4,32
66,1959,BRM,3,66
167,1959,Cooper-Maserati,6,12
105,1959,Maserati,7,105
170,1959,Cooper-Climax,1,12
101,1959,JBW,10,101
117,1959,Aston Martin,5,10
105,1959,Maserati,7,105
169,1959,Cooper-Borgward,8,12
123,1959,Fry,12,123
170,1959,Cooper-Climax,1,12
66,1959,BRM,4,66
117,1959,Aston Martin,7,10
6,1959,Ferrari,2,6
32,1959,Team Lotus,5,32
95,1959,Porsche,6,95
170,1959,Cooper-Climax,1,12
118,1959,Vanwall,11,118
167,1959,Cooper-Maserati,3,12
170,1960,Cooper-Climax,1,12
101,1960,JBW,9,101
117,1960,Aston Martin,6,10
171,1960,Cooper-Castellotti,10,12
6,1960,Ferrari,3,6
32,1960,Team Lotus,2,32
66,1960,BRM,4,66
167,1960,Cooper-Maserati,5,12
32,1960,Team Lotus,2,32
118,1960,Vanwall,11,118
106,1960,Scarab,8,106
6,1960,Ferrari,3,6
32,1960,Team Lotus,2,32
66,1960,BRM,4,66
170,1960,Cooper-Climax,1,12
106,1960,Scarab,8,106
170,1960,Cooper-Climax,1,12
171,1960,Cooper-Castellotti,9,12
66,1960,BRM,4,66
32,1960,Team Lotus,2,32
66,1960,BRM,4,66
167,1960,Cooper-Maserati,5,12
170,1960,Cooper-Climax,1,12
105,1960,Maserati,11,105
171,1960,Cooper-Castellotti,6,12
106,1960,Scarab,9,106
6,1960,Ferrari,3,6
167,1960,Cooper-Maserati,5,12
170,1960,Cooper-Climax,1,12
95,1960,Porsche,7,95
101,1960,JBW,11,101
105,1960,Maserati,10,105
171,1960,Cooper-Castellotti,6,12
6,1960,Ferrari,3,6
32,1960,Team Lotus,2,32
66,1960,BRM,4,66
167,1960,Cooper-Maserati,5,12
170,1960,Cooper-Climax,1,12
6,1960,Ferrari,3,6
167,1960,Cooper-Maserati,5,12
104,1960,Behra-Porsche,8,104
6,1960,Ferrari,2,6
170,1960,Cooper-Climax,1,12
6,1960,Ferrari,3,6
32,1960,Team Lotus,2,32
66,1960,BRM,4,66
167,1960,Cooper-Maserati,5,12
117,1960,Aston Martin,8,10
106,1960,Scarab,10,106
32,1960,Team Lotus,3,32
167,1960,Cooper-Maserati,4,12
170,1960,Cooper-Climax,1,12
66,1960,BRM,5,66
171,1960,Cooper-Castellotti,10,12
106,1960,Scarab,9,106
6,1960,Ferrari,2,6
32,1960,Team Lotus,4,32
66,1960,BRM,5,66
167,1960,Cooper-Maserati,3,12
170,1960,Cooper-Climax,1,12
105,1960,Maserati,7,105
104,1960,Behra-Porsche,6,104
101,1960,JBW,8,101
175,1961,De Tomaso-Alfa Romeo,9,15
6,1961,Ferrari,1,6
173,1961,Lotus-Maserati,8,7
174,1961,De Tomaso-Osca,11,15
101,1961,JBW,12,101
99,1961,Emeryson,10,99
167,1961,Cooper-Maserati,5,12
172,1961,Lotus-Climax,2,7
170,1961,Cooper-Climax,4,12
167,1961,Cooper-Maserati,6,12
66,1961,BRM,5,66
6,1961,Ferrari,1,6
167,1961,Cooper-Maserati,6,12
95,1961,Porsche,3,95
66,1961,BRM,6,66
170,1961,Cooper-Climax,4,12
95,1961,Porsche,3,95
95,1961,Porsche,3,95
172,1961,Lotus-Climax,1,7
170,1961,Cooper-Climax,4,12
167,1961,Cooper-Maserati,5,12
66,1961,BRM,6,66
6,1961,Ferrari,2,6
99,1961,Emeryson,7,99
95,1961,Porsche,3,95
170,1961,Cooper-Climax,4,12
66,1961,BRM,6,66
6,1961,Ferrari,1,6
95,1961,Porsche,4,95
6,1961,Ferrari,1,6
170,1961,Cooper-Climax,3,12
172,1961,Lotus-Climax,2,7
174,1961,De Tomaso-Osca,8,15
101,1961,JBW,9,101
99,1961,Emeryson,7,99
103,1961,MBM,10,103
6,1961,Ferrari,1,6
66,1961,BRM,5,66
167,1961,Cooper-Maserati,6,12
170,1961,Cooper-Climax,4,12
172,1961,Lotus-Climax,2,7
95,1961,Porsche,3,95
97,1961,Gilby,7,97
99,1961,Emeryson,8,99
6,1961,Ferrari,1,6
66,1961,BRM,5,66
167,1961,Cooper-Maserati,6,12
170,1961,Cooper-Climax,4,12
172,1961,Lotus-Climax,2,7
95,1961,Porsche,3,95
172,1961,Lotus-Climax,2,7
172,1961,Lotus-Climax,2,7
66,1961,BRM,5,66
95,1961,Porsche,3,95
172,1961,Lotus-Climax,2,7
170,1961,Cooper-Climax,4,12
66,1961,BRM,5,66
170,1962,Cooper-Climax,4,12
66,1962,BRM,2,66
170,1962,Cooper-Climax,1,12
172,1962,Lotus-Climax,4,7
176,1962,Lotus-BRM,8,176
95,1962,Porsche,6,95
175,1962,De Tomaso-Alfa Romeo,9,15
26,1962,Lola,4,26
89,1962,LDS,12,16
95,1962,Porsche,5,95
26,1962,Lola,5,26
172,1962,Lotus-Climax,2,7
170,1962,Cooper-Climax,3,12
66,1962,BRM,1,66
34,1962,Brabham,7,14
26,1962,Lola,4,26
87,1962,Cooper,7,12
99,1962,Emeryson,9,99
6,1962,Ferrari,3,6
174,1962,De Tomaso-Osca,15,15
95,1962,Porsche,5,95
95,1962,Porsche,5,95
176,1962,Lotus-BRM,8,176
172,1962,Lotus-Climax,2,7
170,1962,Cooper-Climax,3,12
66,1962,BRM,1,66
34,1962,Brabham,7,14
6,1962,Ferrari,5,6
177,1962,Lotus-Borgward,17,177
26,1962,Lola,4,26
86,1962,De Tomaso,16,15
170,1962,Cooper-Climax,3,12
172,1962,Lotus-Climax,2,7
176,1962,Lotus-BRM,8,176
95,1962,Porsche,6,95
97,1962,Gilby,13,97
99,1962,Emeryson,7,99
66,1962,BRM,1,66
95,1962,Porsche,5,95
178,1962,Cooper-Alfa Romeo,13,12
172,1962,Lotus-Climax,3,7
95,1962,Porsche,6,95
97,1962,Gilby,12,97
99,1962,Emeryson,7,99
6,1962,Ferrari,6,6
26,1962,Lola,4,26
34,1962,Brabham,12,14
66,1962,BRM,1,66
176,1962,Lotus-BRM,9,176
170,1962,Cooper-Climax,3,12
176,1962,Lotus-BRM,10,176
95,1962,Porsche,5,95
176,1962,Lotus-BRM,8,176
100,1962,ENB,8,100
6,1962,Ferrari,3,6
26,1962,Lola,7,26
66,1962,BRM,1,66
172,1962,Lotus-Climax,2,7
172,1962,Lotus-Climax,1,7
97,1962,Gilby,13,97
66,1962,BRM,2,66
66,1962,BRM,1,66
170,1962,Cooper-Climax,3,12
32,1962,Team Lotus,10,32
26,1962,Lola,6,26
99,1962,Emeryson,6,99
170,1962,Cooper-Climax,2,12
26,1962,Lola,5,26
6,1962,Ferrari,3,6
170,1962,Cooper-Climax,4,12
172,1962,Lotus-Climax,2,7
176,1962,Lotus-BRM,8,176
95,1962,Porsche,6,95
6,1962,Ferrari,4,6
26,1962,Lola,5,26
66,1962,BRM,1,66
172,1962,Lotus-Climax,2,7
89,1963,LDS,13,16
6,1963,Ferrari,3,6
26,1963,Lola,9,26
34,1963,Brabham,5,14
54,1963,ATS,11,54
92,1963,Scirocco,10,92
170,1963,Cooper-Climax,4,12
172,1963,Lotus-Climax,1,7
176,1963,Lotus-BRM,7,176
95,1963,Porsche,7,95
95,1963,Porsche,6,95
66,1963,BRM,2,66
176,1963,Lotus-BRM,8,176
6,1963,Ferrari,4,6
170,1963,Cooper-Climax,5,12
167,1963,Cooper-Maserati,14,12
180,1963,Lotus-Ford,15,180
66,1963,BRM,2,66
51,1963,Alfa Romeo,16,11
34,1963,Brabham,3,14
26,1963,Lola,9,26
6,1963,Ferrari,5,6
26,1963,Lola,9,26
34,1963,Brabham,4,14
54,1963,ATS,10,54
66,1963,BRM,1,66
97,1963,Gilby,12,97
172,1963,Lotus-Climax,1,7
6,1963,Ferrari,5,6
177,1963,Lotus-Borgward,14,177
66,1963,BRM,3,66
32,1963,Team Lotus,15,32
34,1963,Brabham,4,14
54,1963,ATS,12,54
66,1963,BRM,2,66
170,1963,Cooper-Climax,5,12
172,1963,Lotus-Climax,1,7
176,1963,Lotus-BRM,8,176
95,1963,Porsche,7,95
26,1963,Lola,9,26
26,1963,Lola,9,26
26,1963,Lola,9,26
6,1963,Ferrari,3,6
92,1963,Scirocco,10,92
94,1963,BRP,6,94
176,1963,Lotus-BRM,7,176
172,1963,Lotus-Climax,1,7
170,1963,Cooper-Climax,2,12
86,1963,De Tomaso,12,15
34,1963,Brabham,5,14
6,1963,Ferrari,3,6
6,1963,Ferrari,3,6
95,1963,Porsche,7,95
179,1963,De Tomaso-Ferrari,16,15
173,1963,Lotus-Maserati,17,7
97,1963,Gilby,12,97
95,1963,Porsche,7,95
92,1963,Scirocco,10,92
94,1963,BRP,6,94
176,1963,Lotus-BRM,8,176
172,1963,Lotus-Climax,1,7
98,1963,Stebro,10,98
170,1963,Cooper-Climax,4,12
66,1963,BRM,2,66
54,1963,ATS,11,54
34,1963,Brabham,5,14
54,1963,ATS,12,54
66,1963,BRM,2,66
170,1963,Cooper-Climax,4,12
172,1963,Lotus-Climax,1,7
176,1963,Lotus-BRM,8,176
167,1963,Cooper-Maserati,14,12
54,1963,ATS,11,54
26,1963,Lola,9,26
26,1963,Lola,9,26
176,1963,Lotus-BRM,8,176
172,1963,Lotus-Climax,1,7
170,1963,Cooper-Climax,3,12
66,1963,BRM,2,66
54,1963,ATS,11,54
34,1963,Brabham,4,14
26,1963,Lola,10,26
6,1963,Ferrari,5,6
97,1963,Gilby,12,97
95,1963,Porsche,8,95
92,1963,Scirocco,10,92
94,1963,BRP,6,94
176,1963,Lotus-BRM,7,176
172,1963,Lotus-Climax,1,7
170,1963,Cooper-Climax,3,12
86,1963,De Tomaso,13,15
66,1963,BRM,2,66
54,1963,ATS,11,54
34,1963,Brabham,4,14
94,1963,BRP,6,94
92,1963,Scirocco,9,92
95,1963,Porsche,7,95
6,1963,Ferrari,3,6
176,1963,Lotus-BRM,8,176
172,1963,Lotus-Climax,2,7
170,1963,Cooper-Climax,3,12
95,1963,Porsche,11,95
92,1963,Scirocco,9,92
34,1963,Brabham,4,14
95,1963,Porsche,6,95
94,1963,BRP,11,94
176,1963,Lotus-BRM,5,176
172,1963,Lotus-Climax,4,7
170,1963,Cooper-Climax,2,12
86,1963,De Tomaso,10,15
66,1963,BRM,1,66
54,1963,ATS,8,54
34,1963,Brabham,7,14
26,1963,Lola,6,26
6,1963,Ferrari,5,6
92,1963,Scirocco,7,92
6,1964,Ferrari,4,6
181,1964,Brabham-BRM,8,14
94,1964,BRP,7,94
182,1964,Brabham-Ford,11,14
183,1964,Brabham-Climax,5,14
172,1964,Lotus-Climax,1,7
6,1964,Ferrari,6,6
66,1964,BRM,1,66
170,1964,Cooper-Climax,3,12
172,1964,Lotus-Climax,2,7
176,1964,Lotus-BRM,4,176
94,1964,BRP,7,94
92,1964,Scirocco,8,92
6,1964,Ferrari,4,6
66,1964,BRM,2,66
183,1964,Brabham-Climax,5,14
170,1964,Cooper-Climax,3,12
172,1964,Lotus-Climax,1,7
176,1964,Lotus-BRM,6,176
94,1964,BRP,7,94
92,1964,Scirocco,9,92
6,1964,Ferrari,5,6
66,1964,BRM,2,66
183,1964,Brabham-Climax,3,14
170,1964,Cooper-Climax,4,12
176,1964,Lotus-BRM,6,176
66,1964,BRM,2,66
96,1964,Derrington,11,96
170,1964,Cooper-Climax,5,12
176,1964,Lotus-BRM,8,176
181,1964,Brabham-BRM,7,14
94,1964,BRP,6,94
6,1964,Ferrari,3,6
66,1964,BRM,1,66
183,1964,Brabham-Climax,4,14
172,1964,Lotus-Climax,2,7
176,1964,Lotus-BRM,7,176
181,1964,Brabham-BRM,6,14
94,1964,BRP,8,94
6,1964,Ferrari,3,6
11,1964,Honda,9,11
66,1964,BRM,2,66
183,1964,Brabham-Climax,4,14
170,1964,Cooper-Climax,5,12
172,1964,Lotus-Climax,1,7
176,1964,Lotus-BRM,7,176
181,1964,Brabham-BRM,6,14
92,1964,Scirocco,10,92
6,1964,Ferrari,3,6
66,1964,BRM,2,66
183,1964,Brabham-Climax,6,14
170,1964,Cooper-Climax,5,12
172,1964,Lotus-Climax,1,7
176,1964,Lotus-BRM,4,176
181,1964,Brabham-BRM,7,14
95,1964,Porsche,9,95
172,1964,Lotus-Climax,3,7
183,1964,Brabham-Climax,3,14
170,1964,Cooper-Climax,5,12
170,1964,Cooper-Climax,5,12
183,1964,Brabham-Climax,4,14
170,1964,Cooper-Climax,5,12
183,1964,Brabham-Climax,4,14
66,1964,BRM,2,66
11,1964,Honda,9,11
6,1964,Ferrari,1,6
94,1964,BRP,7,94
181,1964,Brabham-BRM,6,14
176,1964,Lotus-BRM,8,176
172,1964,Lotus-Climax,3,7
170,1964,Cooper-Climax,5,12
183,1964,Brabham-Climax,4,14
66,1964,BRM,2,66
11,1964,Honda,9,11
6,1964,Ferrari,1,6
94,1964,BRP,7,94
181,1964,Brabham-BRM,6,14
66,1964,BRM,2,66
176,1964,Lotus-BRM,8,176
6,1964,Ferrari,1,6
172,1964,Lotus-Climax,3,7
94,1964,BRP,7,94
181,1964,Brabham-BRM,8,14
176,1964,Lotus-BRM,6,176
172,1964,Lotus-Climax,1,7
181,1965,Brabham-BRM,6,14
6,1965,Ferrari,3,6
11,1965,Honda,7,11
66,1965,BRM,2,66
183,1965,Brabham-Climax,5,14
170,1965,Cooper-Climax,4,12
170,1965,Cooper-Climax,5,12
176,1965,Lotus-BRM,10,176
172,1965,Lotus-Climax,1,7
6,1965,Ferrari,3,6
11,1965,Honda,7,11
66,1965,BRM,2,66
183,1965,Brabham-Climax,4,14
172,1965,Lotus-Climax,1,7
181,1965,Brabham-BRM,6,14
183,1965,Brabham-Climax,3,14
181,1965,Brabham-BRM,7,14
66,1965,BRM,2,66
11,1965,Honda,6,11
6,1965,Ferrari,4,6
181,1965,Brabham-BRM,6,14
176,1965,Lotus-BRM,8,176
172,1965,Lotus-Climax,1,7
170,1965,Cooper-Climax,5,12
183,1965,Brabham-Climax,4,14
66,1965,BRM,2,66
11,1965,Honda,7,11
6,1965,Ferrari,3,6
181,1965,Brabham-BRM,6,14
176,1965,Lotus-BRM,9,176
172,1965,Lotus-Climax,1,7
170,1965,Cooper-Climax,5,12
183,1965,Brabham-Climax,4,14
172,1965,Lotus-Climax,1,7
6,1965,Ferrari,3,6
181,1965,Brabham-BRM,6,14
176,1965,Lotus-BRM,9,176
176,1965,Lotus-BRM,8,176
170,1965,Cooper-Climax,5,12
66,1965,BRM,2,66
172,1965,Lotus-Climax,2,7
183,1965,Brabham-Climax,5,14
172,1965,Lotus-Climax,1,7
170,1965,Cooper-Climax,4,12
183,1965,Brabham-Climax,5,14
66,1965,BRM,2,66
11,1965,Honda,7,11
6,1965,Ferrari,3,6
181,1965,Brabham-BRM,6,14
176,1965,Lotus-BRM,8,176
172,1965,Lotus-Climax,1,7
170,1965,Cooper-Climax,5,12
183,1965,Brabham-Climax,4,14
66,1965,BRM,2,66
11,1965,Honda,7,11
6,1965,Ferrari,3,6
186,1965,Cooper-Ford,11,12
185,1965,LDS-Alfa Romeo,10,16
176,1965,Lotus-BRM,10,176
176,1965,Lotus-BRM,10,176
181,1965,Brabham-BRM,6,14
186,1965,Cooper-Ford,12,12
6,1965,Ferrari,2,6
181,1965,Brabham-BRM,5,14
176,1965,Lotus-BRM,9,176
172,1965,Lotus-Climax,1,7
170,1965,Cooper-Climax,4,12
183,1965,Brabham-Climax,6,14
167,1965,Cooper-Maserati,15,12
180,1965,Lotus-Ford,13,180
66,1965,BRM,3,66
170,1965,Cooper-Climax,4,12
182,1965,Brabham-Ford,7,14
6,1965,Ferrari,2,6
181,1965,Brabham-BRM,5,14
176,1965,Lotus-BRM,9,176
172,1965,Lotus-Climax,3,7
170,1965,Cooper-Climax,4,12
183,1965,Brabham-Climax,6,14
66,1965,BRM,1,66
11,1965,Honda,11,11
51,1965,Alfa Romeo,8,11
93,1965,RE,14,93
184,1965,LDS-Climax,12,16
11,1965,Honda,7,11
66,1965,BRM,1,66
6,1965,Ferrari,3,6
192,1966,Cooper-Ferrari,10,12
66,1966,BRM,4,66
187,1966,McLaren-Ford,9,1
191,1966,Brabham-Repco,1,14
167,1966,Cooper-Maserati,3,12
189,1966,Eagle-Climax,7,17
190,1966,Eagle-Weslake,14,17
176,1966,Lotus-BRM,5,176
188,1966,McLaren-Serenissima,8,1
191,1966,Brabham-Repco,1,14
167,1966,Cooper-Maserati,4,12
189,1966,Eagle-Climax,6,17
183,1966,Brabham-Climax,9,14
172,1966,Lotus-Climax,5,7
176,1966,Lotus-BRM,11,176
181,1966,Brabham-BRM,7,14
11,1966,Honda,8,11
66,1966,BRM,3,66
6,1966,Ferrari,2,6
66,1966,BRM,3,66
176,1966,Lotus-BRM,5,176
172,1966,Lotus-Climax,6,7
190,1966,Eagle-Weslake,14,17
189,1966,Eagle-Climax,7,17
167,1966,Cooper-Maserati,3,12
191,1966,Brabham-Repco,1,14
187,1966,McLaren-Ford,8,1
66,1966,BRM,4,66
11,1966,Honda,13,11
6,1966,Ferrari,2,6
181,1966,Brabham-BRM,8,14
176,1966,Lotus-BRM,7,176
172,1966,Lotus-Climax,5,7
183,1966,Brabham-Climax,10,14
189,1966,Eagle-Climax,6,17
167,1966,Cooper-Maserati,4,12
191,1966,Brabham-Repco,1,14
6,1966,Ferrari,2,6
11,1966,Honda,12,11
91,1966,Shannon,13,91
176,1966,Lotus-BRM,6,176
6,1966,Ferrari,1,6
192,1966,Cooper-Ferrari,11,12
66,1966,BRM,3,66
191,1966,Brabham-Repco,1,14
167,1966,Cooper-Maserati,4,12
190,1966,Eagle-Weslake,14,17
183,1966,Brabham-Climax,8,14
172,1966,Lotus-Climax,5,7
176,1966,Lotus-BRM,6,176
66,1966,BRM,3,66
181,1966,Brabham-BRM,9,14
66,1966,BRM,3,66
191,1966,Brabham-Repco,1,14
167,1966,Cooper-Maserati,4,12
189,1966,Eagle-Climax,6,17
183,1966,Brabham-Climax,10,14
172,1966,Lotus-Climax,5,7
176,1966,Lotus-BRM,7,176
181,1966,Brabham-BRM,8,14
181,1966,Brabham-BRM,5,14
6,1966,Ferrari,2,6
191,1966,Brabham-Repco,2,14
189,1966,Eagle-Climax,7,17
189,1966,Eagle-Climax,5,17
172,1966,Lotus-Climax,4,7
183,1966,Brabham-Climax,8,14
167,1966,Cooper-Maserati,3,12
191,1966,Brabham-Repco,7,14
187,1966,McLaren-Ford,9,1
66,1966,BRM,1,66
6,1966,Ferrari,2,6
188,1966,McLaren-Serenissima,11,1
167,1966,Cooper-Maserati,4,12
172,1966,Lotus-Climax,6,7
176,1966,Lotus-BRM,7,176
189,1966,Eagle-Climax,5,17
183,1966,Brabham-Climax,7,14
172,1966,Lotus-Climax,8,7
183,1966,Brabham-Climax,9,14
181,1966,Brabham-BRM,6,14
6,1966,Ferrari,1,6
66,1966,BRM,2,66
176,1966,Lotus-BRM,9,176
167,1966,Cooper-Maserati,3,12
191,1966,Brabham-Repco,4,14
183,1967,Brabham-Climax,9,14
176,1967,Lotus-BRM,5,176
6,1967,Ferrari,3,6
11,1967,Honda,9,11
191,1967,Brabham-Repco,1,14
66,1967,BRM,6,66
180,1967,Lotus-Ford,4,180
191,1967,Brabham-Repco,1,14
190,1967,Eagle-Weslake,5,17
180,1967,Lotus-Ford,5,180
66,1967,BRM,3,66
6,1967,Ferrari,4,6
183,1967,Brabham-Climax,11,14
190,1967,Eagle-Weslake,14,17
167,1967,Cooper-Maserati,2,12
194,1967,McLaren-BRM,8,194
82,1967,Matra,14,82
191,1967,Brabham-Repco,1,14
6,1967,Ferrari,5,6
11,1967,Honda,6,11
66,1967,BRM,9,66
167,1967,Cooper-Maserati,2,12
191,1967,Brabham-Repco,1,14
167,1967,Cooper-Maserati,2,12
189,1967,Eagle-Climax,12,17
167,1967,Cooper-Maserati,2,12
194,1967,McLaren-BRM,7,194
183,1967,Brabham-Climax,8,14
172,1967,Lotus-Climax,11,7
176,1967,Lotus-BRM,3,176
6,1967,Ferrari,4,6
11,1967,Honda,7,11
66,1967,BRM,10,66
180,1967,Lotus-Ford,3,180
190,1967,Eagle-Weslake,13,17
190,1967,Eagle-Weslake,6,17
182,1967,Brabham-Ford,12,14
6,1967,Ferrari,4,6
11,1967,Honda,5,11
180,1967,Lotus-Ford,2,180
191,1967,Brabham-Repco,1,14
167,1967,Cooper-Maserati,3,12
194,1967,McLaren-BRM,10,194
190,1967,Eagle-Weslake,7,17
6,1967,Ferrari,4,6
11,1967,Honda,5,11
66,1967,BRM,6,66
180,1967,Lotus-Ford,2,180
187,1967,McLaren-Ford,13,1
6,1967,Ferrari,4,6
191,1967,Brabham-Repco,1,14
194,1967,McLaren-BRM,10,194
190,1967,Eagle-Weslake,7,17
6,1967,Ferrari,5,6
11,1967,Honda,4,11
66,1967,BRM,6,66
180,1967,Lotus-Ford,2,180
187,1967,McLaren-Ford,12,1
191,1967,Brabham-Repco,1,14
167,1967,Cooper-Maserati,3,12
189,1967,Eagle-Climax,17,17
194,1967,McLaren-BRM,10,194
167,1967,Cooper-Maserati,3,12
176,1967,Lotus-BRM,8,176
170,1967,Cooper-Climax,9,12
190,1967,Eagle-Weslake,5,17
11,1967,Honda,9,11
66,1967,BRM,5,66
180,1967,Lotus-Ford,2,180
191,1967,Brabham-Repco,1,14
167,1967,Cooper-Maserati,3,12
190,1967,Eagle-Weslake,6,17
183,1967,Brabham-Climax,11,14
193,1967,Cooper-ATS,16,12
6,1967,Ferrari,4,6
11,1967,Honda,7,11
26,1967,Lola,13,26
66,1967,BRM,5,66
82,1967,Matra,17,82
180,1967,Lotus-Ford,3,180
191,1967,Brabham-Repco,1,14
167,1967,Cooper-Maserati,2,12
190,1967,Eagle-Weslake,6,17
90,1967,Protos,18,90
6,1967,Ferrari,4,6
66,1967,BRM,6,66
180,1967,Lotus-Ford,2,180
191,1967,Brabham-Repco,1,14
167,1967,Cooper-Maserati,3,12
189,1967,Eagle-Climax,16,17
194,1967,McLaren-BRM,10,194
183,1967,Brabham-Climax,11,14
176,1967,Lotus-BRM,8,176
66,1967,BRM,6,66
66,1967,BRM,9,66
184,1967,LDS-Climax,6,16
176,1967,Lotus-BRM,7,176
170,1967,Cooper-Climax,2,12
11,1967,Honda,3,11
189,1967,Eagle-Climax,8,17
191,1967,Brabham-Repco,4,14
183,1967,Brabham-Climax,5,14
167,1967,Cooper-Maserati,1,12
195,1968,Cooper-BRM,4,12
196,1968,Matra-Ford,4,196
191,1968,Brabham-Repco,9,14
187,1968,McLaren-Ford,2,1
180,1968,Lotus-Ford,1,180
82,1968,Matra,7,82
66,1968,BRM,5,66
11,1968,Honda,8,11
6,1968,Ferrari,3,6
195,1968,Cooper-BRM,6,12
195,1968,Cooper-BRM,6,12
191,1968,Brabham-Repco,8,14
187,1968,McLaren-Ford,2,1
180,1968,Lotus-Ford,1,180
82,1968,Matra,7,82
66,1968,BRM,3,66
11,1968,Honda,11,11
6,1968,Ferrari,5,6
194,1968,McLaren-BRM,9,194
196,1968,Matra-Ford,4,196
11,1968,Honda,7,11
66,1968,BRM,5,66
190,1968,Eagle-Weslake,12,17
195,1968,Cooper-BRM,6,12
194,1968,McLaren-BRM,10,194
196,1968,Matra-Ford,2,196
191,1968,Brabham-Repco,7,14
187,1968,McLaren-Ford,4,1
180,1968,Lotus-Ford,1,180
82,1968,Matra,8,82
66,1968,BRM,5,66
11,1968,Honda,9,11
6,1968,Ferrari,3,6
190,1968,Eagle-Weslake,13,17
195,1968,Cooper-BRM,6,12
194,1968,McLaren-BRM,10,194
196,1968,Matra-Ford,4,196
191,1968,Brabham-Repco,9,14
187,1968,McLaren-Ford,3,1
194,1968,McLaren-BRM,8,194
82,1968,Matra,8,82
6,1968,Ferrari,2,6
180,1968,Lotus-Ford,1,180
11,1968,Honda,9,11
187,1968,McLaren-Ford,2,1
6,1968,Ferrari,4,6
1,1968,McLaren,14,1
6,1968,Ferrari,4,6
11,1968,Honda,7,11
66,1968,BRM,5,66
82,1968,Matra,9,82
180,1968,Lotus-Ford,1,180
187,1968,McLaren-Ford,3,1
191,1968,Brabham-Repco,8,14
196,1968,Matra-Ford,2,196
180,1968,Lotus-Ford,1,180
194,1968,McLaren-BRM,10,194
1,1968,McLaren,14,1
6,1968,Ferrari,3,6
11,1968,Honda,8,11
26,1968,Lola,13,26
66,1968,BRM,5,66
190,1968,Eagle-Weslake,12,17
195,1968,Cooper-BRM,6,12
196,1968,Matra-Ford,2,196
191,1968,Brabham-Repco,7,14
187,1968,McLaren-Ford,4,1
195,1968,Cooper-BRM,6,12
6,1968,Ferrari,3,6
11,1968,Honda,7,11
66,1968,BRM,12,66
180,1968,Lotus-Ford,1,180
82,1968,Matra,11,82
66,1968,BRM,3,66
11,1968,Honda,10,11
6,1968,Ferrari,5,6
195,1968,Cooper-BRM,3,12
196,1968,Matra-Ford,6,196
191,1968,Brabham-Repco,4,14
187,1968,McLaren-Ford,2,1
180,1968,Lotus-Ford,1,180
66,1968,BRM,10,66
11,1968,Honda,9,11
6,1968,Ferrari,5,6
89,1968,LDS,10,16
170,1968,Cooper-Climax,11,12
183,1968,Brabham-Climax,8,14
190,1968,Eagle-Weslake,9,17
195,1968,Cooper-BRM,13,12
194,1968,McLaren-BRM,4,194
167,1968,Cooper-Maserati,6,12
196,1968,Matra-Ford,5,196
191,1968,Brabham-Repco,2,14
180,1968,Lotus-Ford,1,180
191,1968,Brabham-Repco,7,14
196,1968,Matra-Ford,6,196
82,1968,Matra,9,82
195,1968,Cooper-BRM,3,12
190,1968,Eagle-Weslake,13,17
195,1968,Cooper-BRM,7,12
196,1968,Matra-Ford,3,196
191,1968,Brabham-Repco,8,14
187,1968,McLaren-Ford,2,1
180,1968,Lotus-Ford,1,180
82,1968,Matra,9,82
66,1968,BRM,5,66
11,1968,Honda,6,11
6,1968,Ferrari,4,6
194,1968,McLaren-BRM,10,194
196,1968,Matra-Ford,3,196
191,1968,Brabham-Repco,7,14
187,1968,McLaren-Ford,2,1
180,1968,Lotus-Ford,1,180
195,1968,Cooper-BRM,6,12
66,1968,BRM,5,66
194,1968,McLaren-BRM,8,194
82,1968,Matra,8,82
191,1968,Brabham-Repco,5,14
187,1968,McLaren-Ford,2,1
180,1968,Lotus-Ford,1,180
196,1968,Matra-Ford,7,196
82,1968,Matra,11,82
66,1968,BRM,4,66
11,1968,Honda,10,11
66,1969,BRM,6,66
6,1969,Ferrari,5,6
182,1969,Brabham-Ford,4,14
180,1969,Lotus-Ford,2,180
187,1969,McLaren-Ford,3,1
196,1969,Matra-Ford,1,196
180,1969,Lotus-Ford,2,180
182,1969,Brabham-Ford,3,14
180,1969,Lotus-Ford,2,180
6,1969,Ferrari,5,6
196,1969,Matra-Ford,1,196
167,1969,Cooper-Maserati,6,12
187,1969,McLaren-Ford,3,1
6,1969,Ferrari,5,6
182,1969,Brabham-Ford,4,14
66,1969,BRM,6,66
196,1969,Matra-Ford,1,196
196,1969,Matra-Ford,1,196
180,1969,Lotus-Ford,3,180
6,1969,Ferrari,5,6
182,1969,Brabham-Ford,2,14
66,1969,BRM,6,66
180,1969,Lotus-Ford,3,180
187,1969,McLaren-Ford,4,1
196,1969,Matra-Ford,1,196
183,1969,Brabham-Climax,10,14
187,1969,McLaren-Ford,4,1
6,1969,Ferrari,5,6
66,1969,BRM,6,66
180,1969,Lotus-Ford,2,180
187,1969,McLaren-Ford,4,1
196,1969,Matra-Ford,1,196
6,1969,Ferrari,6,6
182,1969,Brabham-Ford,2,14
66,1969,BRM,5,66
182,1969,Brabham-Ford,3,14
187,1969,McLaren-Ford,3,1
180,1969,Lotus-Ford,2,180
66,1969,BRM,6,66
182,1969,Brabham-Ford,3,14
66,1969,BRM,6,66
180,1969,Lotus-Ford,2,180
187,1969,McLaren-Ford,4,1
196,1969,Matra-Ford,1,196
6,1969,Ferrari,8,6
182,1969,Brabham-Ford,4,14
66,1969,BRM,5,66
180,1969,Lotus-Ford,2,180
187,1969,McLaren-Ford,3,1
197,1969,BRM-Ford,9,197
196,1969,Matra-Ford,1,196
180,1969,Lotus-Ford,2,180
6,1969,Ferrari,6,6
187,1969,McLaren-Ford,4,1
191,1969,Brabham-Repco,5,14
182,1969,Brabham-Ford,4,14
6,1969,Ferrari,5,6
66,1969,BRM,4,66
196,1969,Matra-Ford,1,196
196,1969,Matra-Ford,1,196
187,1969,McLaren-Ford,2,1
180,1969,Lotus-Ford,3,180
66,1969,BRM,4,66
182,1969,Brabham-Ford,5,14
187,1969,McLaren-Ford,3,1
182,1969,Brabham-Ford,7,14
196,1969,Matra-Ford,1,196
6,1969,Ferrari,7,6
82,1970,Matra,5,82
63,1970,Surtees,10,63
37,1970,March,2,18
34,1970,Brabham,3,14
32,1970,Team Lotus,1,32
198,1970,McLaren-Alfa Romeo,9,1
187,1970,McLaren-Ford,4,1
66,1970,BRM,6,66
85,1970,Bellasi,10,85
6,1970,Ferrari,7,6
37,1970,March,2,18
187,1970,McLaren-Ford,2,1
86,1970,De Tomaso,8,15
82,1970,Matra,5,82
66,1970,BRM,6,66
37,1970,March,1,18
34,1970,Brabham,3,14
32,1970,Team Lotus,4,32
198,1970,McLaren-Alfa Romeo,9,1
6,1970,Ferrari,7,6
86,1970,De Tomaso,8,15
82,1970,Matra,4,82
66,1970,BRM,6,66
37,1970,March,3,18
34,1970,Brabham,1,14
32,1970,Team Lotus,5,32
6,1970,Ferrari,7,6
187,1970,McLaren-Ford,2,1
6,1970,Ferrari,7,6
32,1970,Team Lotus,4,32
34,1970,Brabham,2,14
34,1970,Brabham,3,14
32,1970,Team Lotus,1,32
82,1970,Matra,5,82
85,1970,Bellasi,10,85
198,1970,McLaren-Alfa Romeo,9,1
187,1970,McLaren-Ford,4,1
86,1970,De Tomaso,8,15
82,1970,Matra,5,82
66,1970,BRM,6,66
37,1970,March,1,18
34,1970,Brabham,3,14
32,1970,Team Lotus,2,32
6,1970,Ferrari,7,6
86,1970,De Tomaso,8,15
82,1970,Matra,5,82
66,1970,BRM,6,66
37,1970,March,1,18
66,1970,BRM,6,66
187,1970,McLaren-Ford,4,1
6,1970,Ferrari,7,6
6,1970,Ferrari,2,6
82,1970,Matra,5,82
86,1970,De Tomaso,7,15
187,1970,McLaren-Ford,2,1
63,1970,Surtees,8,63
37,1970,March,3,18
34,1970,Brabham,4,14
32,1970,Team Lotus,1,32
25,1970,Tyrrell,11,25
6,1970,Ferrari,2,6
85,1970,Bellasi,11,85
198,1970,McLaren-Alfa Romeo,8,1
187,1970,McLaren-Ford,5,1
86,1970,De Tomaso,10,15
82,1970,Matra,6,82
66,1970,BRM,7,66
66,1970,BRM,6,66
63,1970,Surtees,9,63
66,1970,BRM,7,66
34,1970,Brabham,1,14
198,1970,McLaren-Alfa Romeo,9,1
86,1970,De Tomaso,10,15
187,1970,McLaren-Ford,5,1
198,1970,McLaren-Alfa Romeo,9,1
6,1970,Ferrari,2,6
25,1970,Tyrrell,11,25
32,1970,Team Lotus,1,32
34,1970,Brabham,4,14
37,1970,March,3,18
63,1970,Surtees,8,63
66,1970,BRM,6,66
82,1970,Matra,7,82
187,1970,McLaren-Ford,5,1
6,1970,Ferrari,8,6
32,1970,Team Lotus,3,32
37,1970,March,4,18
37,1970,March,2,18
82,1970,Matra,6,82
32,1970,Team Lotus,1,32
25,1970,Tyrrell,11,25
82,1970,Matra,6,82
66,1970,BRM,7,66
34,1970,Brabham,3,14
63,1970,Surtees,8,63
37,1970,March,2,18
34,1970,Brabham,3,14
86,1970,De Tomaso,9,15
32,1970,Team Lotus,1,32
37,1970,March,3,18
63,1970,Surtees,8,63
66,1970,BRM,6,66
82,1970,Matra,7,82
86,1970,De Tomaso,10,15
187,1970,McLaren-Ford,5,1
198,1970,McLaren-Alfa Romeo,9,1
34,1970,Brabham,4,14
6,1970,Ferrari,5,6
32,1970,Team Lotus,1,32
63,1970,Surtees,8,63
6,1970,Ferrari,4,6
187,1970,McLaren-Ford,4,1
198,1970,McLaren-Alfa Romeo,10,1
85,1970,Bellasi,11,85
6,1970,Ferrari,5,6
32,1970,Team Lotus,1,32
34,1970,Brabham,3,14
37,1970,March,2,18
85,1970,Bellasi,11,85
66,1970,BRM,7,66
198,1970,McLaren-Alfa Romeo,9,1
82,1970,Matra,6,82
86,1970,De Tomaso,10,15
187,1970,McLaren-Ford,4,1
198,1970,McLaren-Alfa Romeo,9,1
82,1971,Matra,4,82
199,1971,March-Alfa Romeo,9,18
200,1971,March-Ford,8,18
180,1971,Lotus-Ford,3,180
25,1971,Tyrrell,2,25
63,1971,Surtees,6,63
34,1971,Brabham,7,14
1,1971,McLaren,6,1
6,1971,Ferrari,1,6
1,1971,McLaren,5,1
25,1971,Tyrrell,1,25
34,1971,Brabham,9,14
63,1971,Surtees,7,63
66,1971,BRM,3,66
66,1971,BRM,10,66
6,1971,Ferrari,1,6
25,1971,Tyrrell,1,25
34,1971,Brabham,8,14
66,1971,BRM,3,66
82,1971,Matra,6,82
180,1971,Lotus-Ford,5,180
200,1971,March-Ford,4,18
199,1971,March-Alfa Romeo,10,18
1,1971,McLaren,7,1
63,1971,Surtees,8,63
6,1971,Ferrari,2,6
34,1971,Brabham,8,14
63,1971,Surtees,9,63
66,1971,BRM,3,66
180,1971,Lotus-Ford,4,180
200,1971,March-Ford,5,18
199,1971,March-Alfa Romeo,10,18
82,1971,Matra,6,82
25,1971,Tyrrell,2,25
34,1971,Brabham,9,14
6,1971,Ferrari,2,6
63,1971,Surtees,7,63
66,1971,BRM,4,66
82,1971,Matra,3,82
180,1971,Lotus-Ford,5,180
200,1971,March-Ford,9,18
1,1971,McLaren,5,1
25,1971,Tyrrell,1,25
6,1971,Ferrari,2,6
63,1971,Surtees,8,63
66,1971,BRM,7,66
82,1971,Matra,4,82
180,1971,Lotus-Ford,6,180
200,1971,March-Ford,3,18
1,1971,McLaren,7,1
34,1971,Brabham,9,14
25,1971,Tyrrell,1,25
34,1971,Brabham,9,14
201,1971,Lotus-Pratt &amp; Whitney,10,201
25,1971,Tyrrell,1,25
6,1971,Ferrari,2,6
1,1971,McLaren,7,1
199,1971,March-Alfa Romeo,10,18
201,1971,Lotus-Pratt &amp; Whitney,11,201
200,1971,March-Ford,3,18
180,1971,Lotus-Ford,4,180
82,1971,Matra,6,82
66,1971,BRM,5,66
63,1971,Surtees,8,63
34,1971,Brabham,9,14
34,1971,Brabham,9,14
25,1971,Tyrrell,1,25
1,1971,McLaren,7,1
201,1971,Lotus-Pratt &amp; Whitney,11,201
200,1971,March-Ford,4,18
180,1971,Lotus-Ford,7,180
82,1971,Matra,5,82
66,1971,BRM,3,66
63,1971,Surtees,8,63
34,1971,Brabham,9,14
25,1971,Tyrrell,2,25
6,1971,Ferrari,1,6
1,1971,McLaren,6,1
6,1971,Ferrari,2,6
200,1971,March-Ford,4,18
63,1971,Surtees,8,63
82,1971,Matra,6,82
85,1971,Bellasi,12,85
199,1971,March-Alfa Romeo,11,18
1,1971,McLaren,6,1
6,1971,Ferrari,2,6
25,1971,Tyrrell,1,25
34,1971,Brabham,9,14
63,1971,Surtees,8,63
66,1971,BRM,3,66
82,1971,Matra,7,82
180,1971,Lotus-Ford,5,180
200,1971,March-Ford,4,18
66,1971,BRM,5,66
199,1971,March-Alfa Romeo,11,18
180,1971,Lotus-Ford,5,180
82,1971,Matra,7,82
66,1971,BRM,2,66
63,1971,Surtees,8,63
1,1971,McLaren,8,1
25,1971,Tyrrell,1,25
6,1971,Ferrari,3,6
1,1971,McLaren,6,1
199,1971,March-Alfa Romeo,10,18
200,1971,March-Ford,3,18
180,1971,Lotus-Ford,4,180
200,1971,March-Ford,4,18
6,1971,Ferrari,2,6
82,1972,Matra,8,82
66,1972,BRM,7,66
1,1972,McLaren,3,1
6,1972,Ferrari,4,6
25,1972,Tyrrell,2,25
32,1972,Team Lotus,1,32
34,1972,Brabham,9,14
37,1972,March,8,18
63,1972,Surtees,7,63
82,1972,Matra,8,82
66,1972,BRM,5,66
82,1972,Matra,6,82
83,1972,Politoys,11,83
1,1972,McLaren,4,1
6,1972,Ferrari,3,6
25,1972,Tyrrell,2,25
32,1972,Team Lotus,1,32
34,1972,Brabham,9,14
81,1972,Tecno,10,81
66,1972,BRM,5,66
63,1972,Surtees,6,63
37,1972,March,7,18
63,1972,Surtees,6,63
66,1972,BRM,5,66
82,1972,Matra,9,82
1,1972,McLaren,2,1
6,1972,Ferrari,3,6
25,1972,Tyrrell,4,25
32,1972,Team Lotus,1,32
34,1972,Brabham,9,14
37,1972,March,7,18
66,1972,BRM,5,66
81,1972,Tecno,10,81
82,1972,Matra,8,82
1,1972,McLaren,3,1
6,1972,Ferrari,4,6
25,1972,Tyrrell,2,25
32,1972,Team Lotus,1,32
34,1972,Brabham,9,14
37,1972,March,6,18
63,1972,Surtees,8,63
66,1972,BRM,5,66
81,1972,Tecno,10,81
82,1972,Matra,8,82
1,1972,McLaren,2,1
6,1972,Ferrari,4,6
25,1972,Tyrrell,3,25
32,1972,Team Lotus,1,32
34,1972,Brabham,9,14
37,1972,March,8,18
63,1972,Surtees,5,63
66,1972,BRM,6,66
82,1972,Matra,7,82
1,1972,McLaren,3,1
6,1972,Ferrari,4,6
25,1972,Tyrrell,2,25
32,1972,Team Lotus,1,32
34,1972,Brabham,9,14
37,1972,March,6,18
63,1972,Surtees,5,63
81,1972,Tecno,10,81
81,1972,Tecno,10,81
66,1972,BRM,6,66
37,1972,March,7,18
82,1972,Matra,7,82
1,1972,McLaren,2,1
6,1972,Ferrari,4,6
25,1972,Tyrrell,3,25
32,1972,Team Lotus,1,32
34,1972,Brabham,9,14
37,1972,March,6,18
63,1972,Surtees,7,63
66,1972,BRM,5,66
81,1972,Tecno,10,81
82,1972,Matra,8,82
84,1972,Connew,11,84
1,1972,McLaren,2,1
6,1972,Ferrari,4,6
25,1972,Tyrrell,3,25
32,1972,Team Lotus,1,32
34,1972,Brabham,9,14
63,1972,Surtees,5,63
63,1972,Surtees,6,63
34,1972,Brabham,8,14
6,1972,Ferrari,3,6
1,1972,McLaren,1,1
37,1972,March,7,18
1,1972,McLaren,2,1
6,1972,Ferrari,3,6
25,1972,Tyrrell,1,25
32,1972,Team Lotus,8,32
34,1972,Brabham,6,14
37,1972,March,5,18
63,1972,Surtees,4,63
82,1972,Matra,9,82
1,1972,McLaren,1,1
6,1972,Ferrari,3,6
25,1972,Tyrrell,4,25
32,1972,Team Lotus,2,32
34,1972,Brabham,7,14
66,1972,BRM,7,66
63,1972,Surtees,5,63
37,1972,March,6,18
25,1972,Tyrrell,2,25
34,1972,Brabham,7,14
37,1972,March,5,18
63,1972,Surtees,6,63
32,1972,Team Lotus,4,32
82,1972,Matra,9,82
66,1972,BRM,8,66
25,1972,Tyrrell,4,25
6,1972,Ferrari,3,6
1,1972,McLaren,1,1
82,1972,Matra,9,82
66,1972,BRM,8,66
32,1972,Team Lotus,2,32
66,1973,BRM,6,66
63,1973,Surtees,11,63
58,1973,Shadow,5,13
37,1973,March,9,18
34,1973,Brabham,7,14
66,1973,BRM,6,66
25,1973,Tyrrell,1,25
1,1973,McLaren,3,1
81,1973,Tecno,8,81
80,1973,Iso Marlboro,10,80
63,1973,Surtees,11,63
80,1973,Iso Marlboro,10,80
32,1973,Team Lotus,2,32
81,1973,Tecno,8,81
32,1973,Team Lotus,1,32
6,1973,Ferrari,4,6
25,1973,Tyrrell,1,25
32,1973,Team Lotus,2,32
34,1973,Brabham,5,14
37,1973,March,9,18
58,1973,Shadow,6,13
63,1973,Surtees,11,63
66,1973,BRM,7,66
80,1973,Iso Marlboro,10,80
1,1973,McLaren,3,1
6,1973,Ferrari,4,6
25,1973,Tyrrell,2,25
58,1973,Shadow,5,13
34,1973,Brabham,5,14
1,1973,McLaren,3,1
37,1973,March,9,18
1,1973,McLaren,3,1
32,1973,Team Lotus,2,32
1,1973,McLaren,4,1
6,1973,Ferrari,3,6
25,1973,Tyrrell,2,25
32,1973,Team Lotus,1,32
34,1973,Brabham,5,14
37,1973,March,7,18
63,1973,Surtees,9,63
66,1973,BRM,6,66
80,1973,Iso Marlboro,8,80
1,1973,McLaren,3,1
6,1973,Ferrari,4,6
25,1973,Tyrrell,2,25
32,1973,Team Lotus,1,32
34,1973,Brabham,6,14
37,1973,March,8,18
63,1973,Surtees,9,63
66,1973,BRM,5,66
25,1973,Tyrrell,1,25
6,1973,Ferrari,4,6
1,1973,McLaren,3,1
80,1973,Iso Marlboro,9,80
66,1973,BRM,6,66
63,1973,Surtees,10,63
34,1973,Brabham,7,14
58,1973,Shadow,5,13
34,1973,Brabham,7,14
32,1973,Team Lotus,1,32
25,1973,Tyrrell,2,25
6,1973,Ferrari,4,6
37,1973,March,8,18
80,1973,Iso Marlboro,7,80
37,1973,March,8,18
57,1973,Ensign,12,57
81,1973,Tecno,10,81
63,1973,Surtees,11,63
32,1973,Team Lotus,2,32
34,1973,Brabham,4,14
37,1973,March,7,18
57,1973,Ensign,12,57
58,1973,Shadow,9,13
63,1973,Surtees,8,63
66,1973,BRM,6,66
80,1973,Iso Marlboro,10,80
1,1973,McLaren,3,1
6,1973,Ferrari,5,6
25,1973,Tyrrell,2,25
32,1973,Team Lotus,1,32
34,1973,Brabham,4,14
37,1973,March,8,18
25,1973,Tyrrell,1,25
57,1973,Ensign,12,57
63,1973,Surtees,9,63
66,1973,BRM,6,66
80,1973,Iso Marlboro,10,80
1,1973,McLaren,3,1
6,1973,Ferrari,6,6
25,1973,Tyrrell,2,25
32,1973,Team Lotus,1,32
34,1973,Brabham,4,14
37,1973,March,5,18
57,1973,Ensign,12,57
58,1973,Shadow,8,13
63,1973,Surtees,9,63
66,1973,BRM,7,66
80,1973,Iso Marlboro,10,80
58,1973,Shadow,7,13
6,1973,Ferrari,5,6
1,1973,McLaren,3,1
80,1973,Iso Marlboro,10,80
66,1973,BRM,7,66
80,1973,Iso Marlboro,10,80
1,1973,McLaren,3,1
25,1973,Tyrrell,1,25
32,1973,Team Lotus,2,32
34,1973,Brabham,4,14
37,1973,March,6,18
57,1973,Ensign,12,57
58,1973,Shadow,8,13
63,1973,Surtees,11,63
66,1973,BRM,7,66
80,1973,Iso Marlboro,9,80
1,1973,McLaren,3,1
25,1973,Tyrrell,1,25
32,1973,Team Lotus,2,32
34,1973,Brabham,4,14
37,1973,March,6,18
66,1973,BRM,6,66
63,1973,Surtees,8,63
58,1973,Shadow,9,13
57,1973,Ensign,12,57
37,1973,March,7,18
34,1973,Brabham,4,14
58,1973,Shadow,6,13
32,1973,Team Lotus,2,32
6,1973,Ferrari,5,6
1,1973,McLaren,3,1
80,1973,Iso Marlboro,10,80
66,1973,BRM,7,66
63,1973,Surtees,9,63
58,1973,Shadow,8,13
25,1973,Tyrrell,1,25
6,1973,Ferrari,4,6
80,1973,Iso Marlboro,10,80
6,1973,Ferrari,4,6
1,1973,McLaren,3,1
66,1973,BRM,7,66
63,1973,Surtees,11,63
58,1973,Shadow,6,13
57,1973,Ensign,12,57
37,1973,March,8,18
34,1973,Brabham,4,14
32,1973,Team Lotus,1,32
25,1973,Tyrrell,2,25
81,1973,Tecno,9,81
1,1973,McLaren,3,1
80,1973,Iso Marlboro,8,80
66,1973,BRM,5,66
63,1973,Surtees,9,63
58,1973,Shadow,7,13
37,1973,March,10,18
34,1973,Brabham,6,14
32,1973,Team Lotus,1,32
25,1973,Tyrrell,2,25
6,1973,Ferrari,5,6
58,1974,Shadow,10,13
63,1974,Surtees,4,63
25,1974,Tyrrell,6,25
80,1974,Iso Marlboro,11,80
1,1974,McLaren,1,1
6,1974,Ferrari,2,6
66,1974,BRM,5,66
37,1974,March,8,18
25,1974,Tyrrell,6,25
32,1974,Team Lotus,3,32
26,1974,Lola,9,26
6,1974,Ferrari,2,6
1,1974,McLaren,1,1
80,1974,Iso Marlboro,10,80
66,1974,BRM,3,66
63,1974,Surtees,9,63
26,1974,Lola,10,26
34,1974,Brabham,7,14
32,1974,Team Lotus,5,32
32,1974,Team Lotus,7,32
37,1974,March,8,18
78,1974,Amon,14,78
77,1974,Trojan,13,77
80,1974,Iso Marlboro,9,80
66,1974,BRM,4,66
64,1974,Hesketh,11,64
63,1974,Surtees,8,63
58,1974,Shadow,10,13
37,1974,March,6,18
34,1974,Brabham,3,14
34,1974,Brabham,3,14
26,1974,Lola,12,26
25,1974,Tyrrell,5,25
6,1974,Ferrari,2,6
1,1974,McLaren,1,1
80,1974,Iso Marlboro,9,80
66,1974,BRM,4,66
64,1974,Hesketh,12,64
63,1974,Surtees,7,63
58,1974,Shadow,11,13
37,1974,March,6,18
26,1974,Lola,11,26
32,1974,Team Lotus,8,32
25,1974,Tyrrell,3,25
26,1974,Lola,11,26
32,1974,Team Lotus,4,32
34,1974,Brabham,5,14
37,1974,March,9,18
57,1974,Ensign,15,57
58,1974,Shadow,8,13
63,1974,Surtees,10,63
1,1974,McLaren,2,1
64,1974,Hesketh,7,64
80,1974,Iso Marlboro,12,80
77,1974,Trojan,13,77
79,1974,Token,14,79
1,1974,McLaren,1,1
6,1974,Ferrari,2,6
25,1974,Tyrrell,3,25
26,1974,Lola,12,26
32,1974,Team Lotus,4,32
66,1974,BRM,6,66
34,1974,Brabham,5,14
74,1974,Maki,18,74
79,1974,Token,14,79
26,1974,Lola,7,26
25,1974,Tyrrell,4,25
6,1974,Ferrari,2,6
1,1974,McLaren,1,1
34,1974,Brabham,5,14
6,1974,Ferrari,1,6
25,1974,Tyrrell,3,25
1,1974,McLaren,1,1
78,1974,Amon,16,78
32,1974,Team Lotus,4,32
37,1974,March,8,18
57,1974,Ensign,15,57
58,1974,Shadow,7,13
63,1974,Surtees,10,63
64,1974,Hesketh,9,64
66,1974,BRM,6,66
80,1974,Iso Marlboro,12,80
77,1974,Trojan,13,77
34,1974,Brabham,5,14
6,1974,Ferrari,2,6
66,1974,BRM,3,66
26,1974,Lola,11,26
58,1974,Shadow,7,13
57,1974,Ensign,14,57
37,1974,March,8,18
34,1974,Brabham,5,14
32,1974,Team Lotus,4,32
26,1974,Lola,11,26
25,1974,Tyrrell,3,25
6,1974,Ferrari,1,6
1,1974,McLaren,2,1
77,1974,Trojan,13,77
80,1974,Iso Marlboro,12,80
66,1974,BRM,6,66
64,1974,Hesketh,9,64
63,1974,Surtees,10,63
58,1974,Shadow,7,13
57,1974,Ensign,14,57
37,1974,March,8,18
63,1974,Surtees,10,63
64,1974,Hesketh,9,64
66,1974,BRM,6,66
80,1974,Iso Marlboro,12,80
1,1974,McLaren,2,1
74,1974,Maki,18,74
79,1974,Token,15,79
77,1974,Trojan,13,77
80,1974,Iso Marlboro,12,80
76,1974,Lyncar,17,76
66,1974,BRM,6,66
64,1974,Hesketh,9,64
34,1974,Brabham,5,14
63,1974,Surtees,10,63
57,1974,Ensign,14,57
37,1974,March,8,18
34,1974,Brabham,5,14
32,1974,Team Lotus,4,32
26,1974,Lola,11,26
25,1974,Tyrrell,3,25
6,1974,Ferrari,2,6
1,1974,McLaren,1,1
58,1974,Shadow,7,13
32,1974,Team Lotus,4,32
26,1974,Lola,11,26
25,1974,Tyrrell,3,25
57,1974,Ensign,14,57
37,1974,March,7,18
34,1974,Brabham,5,14
32,1974,Team Lotus,4,32
26,1974,Lola,11,26
25,1974,Tyrrell,3,25
6,1974,Ferrari,2,6
1,1974,McLaren,1,1
58,1974,Shadow,8,13
79,1974,Token,15,79
80,1974,Iso Marlboro,9,80
64,1974,Hesketh,13,64
63,1974,Surtees,8,63
58,1974,Shadow,10,13
57,1974,Ensign,14,57
37,1974,March,6,18
34,1974,Brabham,5,14
32,1974,Team Lotus,7,32
77,1974,Trojan,12,77
25,1974,Tyrrell,4,25
63,1974,Surtees,9,63
66,1974,BRM,6,66
6,1974,Ferrari,2,6
1,1974,McLaren,1,1
80,1974,Iso Marlboro,12,80
66,1974,BRM,6,66
64,1974,Hesketh,9,64
63,1974,Surtees,10,63
58,1974,Shadow,7,13
57,1974,Ensign,14,57
64,1974,Hesketh,13,64
37,1974,March,8,18
32,1974,Team Lotus,4,32
26,1974,Lola,11,26
25,1974,Tyrrell,3,25
6,1974,Ferrari,2,6
1,1974,McLaren,1,1
78,1974,Amon,16,78
77,1974,Trojan,12,77
80,1974,Iso Marlboro,10,80
34,1974,Brabham,5,14
37,1974,March,9,18
6,1974,Ferrari,1,6
58,1974,Shadow,8,13
66,1974,BRM,7,66
80,1974,Iso Marlboro,10,80
1,1974,McLaren,1,1
6,1974,Ferrari,2,6
25,1974,Tyrrell,3,25
26,1974,Lola,12,26
32,1974,Team Lotus,4,32
57,1974,Ensign,15,57
34,1974,Brabham,5,14
57,1974,Ensign,17,57
58,1974,Shadow,8,13
63,1974,Surtees,11,63
67,1974,Penske,15,67
64,1974,Hesketh,6,64
66,1974,BRM,7,66
80,1974,Iso Marlboro,10,80
37,1974,March,9,18
73,1974,Parnelli,13,73
73,1974,Parnelli,13,73
67,1974,Penske,15,67
64,1974,Hesketh,6,64
63,1974,Surtees,11,63
66,1974,BRM,6,66
80,1974,Iso Marlboro,10,80
77,1974,Trojan,13,77
78,1974,Amon,16,78
1,1974,McLaren,1,1
6,1974,Ferrari,2,6
64,1974,Hesketh,7,64
26,1974,Lola,12,26
32,1974,Team Lotus,4,32
34,1974,Brabham,5,14
37,1974,March,9,18
57,1974,Ensign,17,57
58,1974,Shadow,8,13
25,1974,Tyrrell,3,25
63,1974,Surtees,11,63
1,1975,McLaren,3,1
3,1975,Williams,12,3
6,1975,Ferrari,1,6
25,1975,Tyrrell,4,25
32,1975,Team Lotus,6,32
34,1975,Brabham,2,14
67,1975,Penske,9,67
56,1975,Fittipaldi,16,56
63,1975,Surtees,13,63
64,1975,Hesketh,5,64
73,1975,Parnelli,7,73
202,1975,Shadow-Ford,8,13
75,1975,Embassy Hill,12,75
66,1975,BRM,14,66
37,1975,March,10,18
66,1975,BRM,14,66
25,1975,Tyrrell,4,25
64,1975,Hesketh,5,64
75,1975,Embassy Hill,11,75
73,1975,Parnelli,11,73
202,1975,Shadow-Ford,7,13
66,1975,BRM,16,66
75,1975,Embassy Hill,12,75
1,1975,McLaren,2,1
202,1975,Shadow-Ford,7,13
3,1975,Williams,10,3
32,1975,Team Lotus,6,32
34,1975,Brabham,1,14
37,1975,March,8,18
56,1975,Fittipaldi,16,56
63,1975,Surtees,13,63
67,1975,Penske,9,67
6,1975,Ferrari,3,6
1,1975,McLaren,3,1
32,1975,Team Lotus,7,32
6,1975,Ferrari,1,6
37,1975,March,10,18
56,1975,Fittipaldi,17,56
57,1975,Ensign,13,57
64,1975,Hesketh,4,64
73,1975,Parnelli,9,73
202,1975,Shadow-Ford,6,13
34,1975,Brabham,2,14
75,1975,Embassy Hill,11,75
1,1975,McLaren,3,1
3,1975,Williams,9,3
6,1975,Ferrari,1,6
25,1975,Tyrrell,5,25
32,1975,Team Lotus,8,32
34,1975,Brabham,2,14
74,1975,Maki,19,74
3,1975,Williams,12,3
64,1975,Hesketh,5,64
3,1975,Williams,8,3
25,1975,Tyrrell,4,25
32,1975,Team Lotus,6,32
34,1975,Brabham,2,14
37,1975,March,10,18
56,1975,Fittipaldi,17,56
57,1975,Ensign,16,57
6,1975,Ferrari,1,6
63,1975,Surtees,13,63
64,1975,Hesketh,5,64
202,1975,Shadow-Ford,7,13
66,1975,BRM,14,66
75,1975,Embassy Hill,11,75
74,1975,Maki,18,74
1,1975,McLaren,3,1
67,1975,Penske,9,67
67,1975,Penske,9,67
37,1975,March,8,18
57,1975,Ensign,17,57
26,1975,Lola,10,26
32,1975,Team Lotus,8,32
34,1975,Brabham,2,14
37,1975,March,9,18
56,1975,Fittipaldi,14,56
63,1975,Surtees,11,63
25,1975,Tyrrell,5,25
67,1975,Penske,7,67
73,1975,Parnelli,6,73
202,1975,Shadow-Ford,13,13
66,1975,BRM,15,66
1,1975,McLaren,2,1
3,1975,Williams,14,3
6,1975,Ferrari,4,6
64,1975,Hesketh,3,64
25,1975,Tyrrell,3,25
6,1975,Ferrari,4,6
1,1975,McLaren,1,1
1,1975,McLaren,1,1
3,1975,Williams,11,3
6,1975,Ferrari,4,6
25,1975,Tyrrell,5,25
26,1975,Lola,9,26
32,1975,Team Lotus,7,32
3,1975,Williams,12,3
34,1975,Brabham,3,14
56,1975,Fittipaldi,14,56
67,1975,Penske,6,67
64,1975,Hesketh,2,64
73,1975,Parnelli,12,73
202,1975,Shadow-Ford,10,13
66,1975,BRM,13,66
37,1975,March,8,18
26,1975,Lola,12,26
32,1975,Team Lotus,9,32
34,1975,Brabham,1,14
63,1975,Surtees,13,63
67,1975,Penske,9,67
64,1975,Hesketh,5,64
73,1975,Parnelli,11,73
202,1975,Shadow-Ford,7,13
66,1975,BRM,16,66
57,1975,Ensign,17,57
1,1975,McLaren,1,1
6,1975,Ferrari,3,6
25,1975,Tyrrell,4,25
32,1975,Team Lotus,6,32
34,1975,Brabham,2,14
37,1975,March,8,18
56,1975,Fittipaldi,15,56
3,1975,Williams,10,3
56,1975,Fittipaldi,15,56
37,1975,March,7,18
34,1975,Brabham,1,14
37,1975,March,11,18
56,1975,Fittipaldi,15,56
63,1975,Surtees,13,63
67,1975,Penske,6,67
64,1975,Hesketh,5,64
73,1975,Parnelli,7,73
202,1975,Shadow-Ford,10,13
66,1975,BRM,16,66
75,1975,Embassy Hill,8,75
1,1975,McLaren,2,1
3,1975,Williams,10,3
6,1975,Ferrari,4,6
25,1975,Tyrrell,3,25
26,1975,Lola,14,26
32,1975,Team Lotus,6,32
63,1975,Surtees,13,63
56,1975,Fittipaldi,17,56
25,1975,Tyrrell,5,25
63,1975,Surtees,14,63
1,1975,McLaren,3,1
3,1975,Williams,9,3
57,1975,Ensign,13,57
25,1975,Tyrrell,5,25
32,1975,Team Lotus,8,32
34,1975,Brabham,2,14
37,1975,March,7,18
56,1975,Fittipaldi,17,56
57,1975,Ensign,13,57
64,1975,Hesketh,4,64
73,1975,Parnelli,10,73
202,1975,Shadow-Ford,6,13
66,1975,BRM,15,66
74,1975,Maki,19,74
75,1975,Embassy Hill,11,75
74,1975,Maki,20,74
1,1975,McLaren,3,1
3,1975,Williams,9,3
6,1975,Ferrari,1,6
25,1975,Tyrrell,5,25
32,1975,Team Lotus,7,32
34,1975,Brabham,2,14
37,1975,March,8,18
56,1975,Fittipaldi,16,56
57,1975,Ensign,13,57
67,1975,Penske,12,67
64,1975,Hesketh,4,64
73,1975,Parnelli,10,73
203,1975,Shadow-Matra,19,13
202,1975,Shadow-Ford,6,13
76,1975,Lyncar,18,76
202,1975,Shadow-Ford,8,13
1,1975,McLaren,3,1
3,1975,Williams,12,3
6,1975,Ferrari,1,6
25,1975,Tyrrell,5,25
32,1975,Team Lotus,6,32
34,1975,Brabham,2,14
37,1975,March,10,18
56,1975,Fittipaldi,17,56
57,1975,Ensign,16,57
63,1975,Surtees,13,63
67,1975,Penske,9,67
64,1975,Hesketh,4,64
73,1975,Parnelli,7,73
75,1975,Embassy Hill,11,75
202,1975,Shadow-Ford,8,13
75,1975,Embassy Hill,11,75
1,1975,McLaren,3,1
3,1975,Williams,12,3
6,1975,Ferrari,1,6
25,1975,Tyrrell,5,25
32,1975,Team Lotus,6,32
34,1975,Brabham,2,14
37,1975,March,9,18
56,1975,Fittipaldi,17,56
57,1975,Ensign,16,57
63,1975,Surtees,13,63
64,1975,Hesketh,4,64
73,1975,Parnelli,7,73
66,1975,BRM,14,66
75,1975,Embassy Hill,11,75
6,1975,Ferrari,1,6
202,1975,Shadow-Ford,6,13
66,1975,BRM,15,66
75,1975,Embassy Hill,11,75
203,1975,Shadow-Matra,19,13
74,1975,Maki,20,74
73,1975,Parnelli,10,73
64,1975,Hesketh,4,64
27,1976,Ligier,5,27
67,1976,Penske,9,67
64,1976,Hesketh,18,64
70,1976,Boro,15,70
1,1976,McLaren,3,1
6,1976,Ferrari,1,6
25,1976,Tyrrell,2,25
63,1976,Surtees,11,63
27,1976,Ligier,4,27
37,1976,March,5,18
56,1976,Fittipaldi,12,56
57,1976,Ensign,10,57
58,1976,Shadow,6,13
204,1976,Brabham-Alfa Romeo,8,14
59,1976,Wolf,14,59
32,1976,Team Lotus,7,32
59,1976,Wolf,14,59
204,1976,Brabham-Alfa Romeo,8,14
58,1976,Shadow,6,13
67,1976,Penske,9,67
204,1976,Brabham-Alfa Romeo,6,14
58,1976,Shadow,8,13
57,1976,Ensign,12,57
56,1976,Fittipaldi,11,56
64,1976,Hesketh,18,64
70,1976,Boro,15,70
1,1976,McLaren,3,1
6,1976,Ferrari,1,6
25,1976,Tyrrell,2,25
27,1976,Ligier,4,27
32,1976,Team Lotus,7,32
37,1976,March,5,18
56,1976,Fittipaldi,12,56
57,1976,Ensign,10,57
63,1976,Surtees,11,63
32,1976,Team Lotus,7,32
67,1976,Penske,9,67
70,1976,Boro,15,70
32,1976,Team Lotus,7,32
37,1976,March,9,18
56,1976,Fittipaldi,11,56
57,1976,Ensign,12,57
58,1976,Shadow,6,13
204,1976,Brabham-Alfa Romeo,8,14
27,1976,Ligier,5,27
59,1976,Wolf,14,59
63,1976,Surtees,10,63
67,1976,Penske,4,67
64,1976,Hesketh,15,64
1,1976,McLaren,3,1
6,1976,Ferrari,1,6
25,1976,Tyrrell,2,25
182,1976,Brabham-Ford,18,14
25,1976,Tyrrell,2,25
6,1976,Ferrari,1,6
1,1976,McLaren,3,1
1,1976,McLaren,3,1
37,1976,March,9,18
25,1976,Tyrrell,2,25
27,1976,Ligier,4,27
32,1976,Team Lotus,6,32
37,1976,March,8,18
56,1976,Fittipaldi,12,56
57,1976,Ensign,10,57
58,1976,Shadow,9,13
204,1976,Brabham-Alfa Romeo,7,14
59,1976,Wolf,14,59
182,1976,Brabham-Ford,17,14
63,1976,Surtees,11,63
67,1976,Penske,5,67
64,1976,Hesketh,18,64
64,1976,Hesketh,18,64
6,1976,Ferrari,1,6
32,1976,Team Lotus,11,32
63,1976,Surtees,11,63
58,1976,Shadow,4,13
204,1976,Brabham-Alfa Romeo,10,14
59,1976,Wolf,8,59
63,1976,Surtees,13,63
67,1976,Penske,6,67
64,1976,Hesketh,15,64
57,1976,Ensign,14,57
73,1976,Parnelli,7,73
6,1976,Ferrari,1,6
25,1976,Tyrrell,2,25
27,1976,Ligier,6,27
32,1976,Team Lotus,14,32
37,1976,March,5,18
56,1976,Fittipaldi,8,56
1,1976,McLaren,3,1
56,1976,Fittipaldi,12,56
1,1976,McLaren,5,1
3,1976,Williams,7,3
27,1976,Ligier,16,27
25,1976,Tyrrell,2,25
6,1976,Ferrari,1,6
1,1976,McLaren,3,1
66,1976,BRM,13,66
67,1976,Penske,12,67
59,1976,Wolf,6,59
204,1976,Brabham-Alfa Romeo,8,14
58,1976,Shadow,3,13
56,1976,Fittipaldi,9,56
37,1976,March,4,18
32,1976,Team Lotus,11,32
27,1976,Ligier,10,27
25,1976,Tyrrell,2,25
6,1976,Ferrari,1,6
57,1976,Ensign,11,57
58,1976,Shadow,4,13
204,1976,Brabham-Alfa Romeo,12,14
59,1976,Wolf,10,59
64,1976,Hesketh,17,64
70,1976,Boro,16,70
1,1976,McLaren,2,1
6,1976,Ferrari,1,6
25,1976,Tyrrell,3,25
59,1976,Wolf,14,59
27,1976,Ligier,4,27
32,1976,Team Lotus,6,32
37,1976,March,8,18
56,1976,Fittipaldi,12,56
57,1976,Ensign,10,57
58,1976,Shadow,5,13
204,1976,Brabham-Alfa Romeo,7,14
59,1976,Wolf,14,59
182,1976,Brabham-Ford,17,14
67,1976,Penske,10,67
37,1976,March,5,18
63,1976,Surtees,14,63
59,1976,Wolf,13,59
63,1976,Surtees,15,63
67,1976,Penske,7,67
64,1976,Hesketh,16,64
73,1976,Parnelli,9,73
1,1976,McLaren,2,1
3,1976,Williams,15,3
6,1976,Ferrari,1,6
25,1976,Tyrrell,3,25
27,1976,Ligier,8,27
32,1976,Team Lotus,5,32
37,1976,March,7,18
56,1976,Fittipaldi,11,56
57,1976,Ensign,9,57
58,1976,Shadow,4,13
204,1976,Brabham-Alfa Romeo,6,14
182,1976,Brabham-Ford,19,14
182,1976,Brabham-Ford,18,14
182,1976,Brabham-Ford,17,14
67,1976,Penske,4,67
58,1976,Shadow,8,13
56,1976,Fittipaldi,11,56
37,1976,March,7,18
32,1976,Team Lotus,4,32
27,1976,Ligier,6,27
25,1976,Tyrrell,3,25
6,1976,Ferrari,1,6
1,1976,McLaren,2,1
64,1976,Hesketh,15,64
67,1976,Penske,4,67
59,1976,Wolf,14,59
204,1976,Brabham-Alfa Romeo,9,14
58,1976,Shadow,8,13
57,1976,Ensign,12,57
56,1976,Fittipaldi,11,56
37,1976,March,7,18
32,1976,Team Lotus,6,32
27,1976,Ligier,5,27
25,1976,Tyrrell,3,25
204,1976,Brabham-Alfa Romeo,9,14
6,1976,Ferrari,1,6
59,1976,Wolf,15,59
67,1976,Penske,5,67
70,1976,Boro,16,70
64,1976,Hesketh,15,64
67,1976,Penske,5,67
63,1976,Surtees,10,63
59,1976,Wolf,14,59
204,1976,Brabham-Alfa Romeo,9,14
58,1976,Shadow,8,13
57,1976,Ensign,12,57
56,1976,Fittipaldi,11,56
37,1976,March,6,18
32,1976,Team Lotus,7,32
63,1976,Surtees,10,63
27,1976,Ligier,4,27
25,1976,Tyrrell,2,25
6,1976,Ferrari,1,6
1,1976,McLaren,3,1
74,1976,Maki,21,74
72,1976,Kojima,18,72
64,1976,Hesketh,14,64
63,1976,Surtees,10,63
1,1976,McLaren,2,1
63,1976,Surtees,10,63
64,1976,Hesketh,15,64
32,1976,Team Lotus,6,32
27,1976,Ligier,5,27
6,1976,Ferrari,1,6
1,1976,McLaren,2,1
64,1976,Hesketh,15,64
67,1976,Penske,4,67
63,1976,Surtees,10,63
182,1976,Brabham-Ford,18,14
59,1976,Wolf,14,59
204,1976,Brabham-Alfa Romeo,7,14
58,1976,Shadow,8,13
57,1976,Ensign,12,57
56,1976,Fittipaldi,11,56
37,1976,March,9,18
32,1976,Team Lotus,6,32
27,1976,Ligier,5,27
25,1976,Tyrrell,2,25
1,1976,McLaren,3,1
64,1976,Hesketh,15,64
37,1976,March,9,18
56,1976,Fittipaldi,11,56
25,1976,Tyrrell,3,25
58,1976,Shadow,7,13
67,1976,Penske,6,67
63,1976,Surtees,10,63
59,1976,Wolf,14,59
204,1976,Brabham-Alfa Romeo,9,14
58,1976,Shadow,8,13
57,1976,Ensign,12,57
56,1976,Fittipaldi,11,56
37,1976,March,7,18
32,1976,Team Lotus,5,32
27,1976,Ligier,4,27
25,1976,Tyrrell,3,25
6,1976,Ferrari,1,6
57,1976,Ensign,12,57
70,1976,Boro,16,70
1,1976,McLaren,2,1
204,1976,Brabham-Alfa Romeo,8,14
59,1976,Wolf,14,59
63,1976,Surtees,10,63
67,1976,Penske,4,67
64,1976,Hesketh,15,64
